Title,Link
REDMAGIC | Europe | Win More Games,https://eu.redmagic.gg/
ZTE nubia Red Magic 10 Pro+ - Full phone specifications,https://www.gsmarena.com/zte_nubia_red_magic_10_pro+-13495.php
ZTE NUBIA REDMAGIC 8 Pro price in Bangladesh,https://www.applegadgetsbd.com/product/zte-nubia-redmagic-8-pro
REDMAGIC 8S Pro Gaming Smartphone - Product Page,https://eu.redmagic.gg/pages/redmagic-8s-pro
"REDMAGIC 9S Pro Smartphone 5G, 120Hz Gaming Phone ...",https://www.amazon.com/REDMAGIC-Smartphone-Snapdragon-Dual-Sim-Unlocked/dp/B0D8SW4GX7
,https://www.startech.com.bd/zte-nubia-redmagic-9-pro-16-512gb
,https://www.ubuy.co.in/brand/redmagic
,https://www.gadgets360.com/mobiles/news/red-magic-10-pro-price-launch-sale-date-features-specifications-7167502
,https://www.mega.pk/mobiles-red_magic/
ZTE nubia Red Magic 10 Pro - Full phone specifications,https://www.gsmarena.com/zte_nubia_red_magic_10_pro-13496.php
REDMAGIC (@redmagicgaming) / X,https://x.com/redmagicgaming
REDMAGIC,https://www.facebook.com/redmagicgaming/
